                  epoch,         train/box_loss,         train/cls_loss,         train/dfl_loss,   metrics/precision(B),      metrics/recall(B),       metrics/mAP50(B),    metrics/mAP50-95(B),           val/box_loss,           val/cls_loss,           val/dfl_loss,                 lr/pg0,                 lr/pg1,                 lr/pg2
                      1,                 1.7334,                 3.8883,                 1.7202,                 0.2722,                0.25331,                0.18586,                0.08867,                 1.7841,                 3.0658,                 1.8299,             0.00030228,             0.00030228,             0.00030228
                      2,                 1.8226,                 3.1578,                  1.778,                0.42849,                0.27243,                0.21098,                 0.0992,                 1.9078,                 2.7424,                 1.8327,             0.00054535,             0.00054535,             0.00054535
                      3,                 1.8317,                 2.8333,                 1.7989,                 0.3544,                0.33071,                0.26562,                0.13046,                 1.8135,                 2.5576,                 1.7485,             0.00072844,             0.00072844,             0.00072844
                      4,                 1.7873,                 2.6164,                   1.75,                0.53736,                0.32516,                0.30182,                 0.1532,                 1.7508,                 2.4606,                   1.72,             0.00063903,             0.00063903,             0.00063903
